{"stats":{"minecraft:killed":{"alexsmobs:fly":1},"minecraft:used":{"alexsmobs:animal_dictionary":2},"minecraft:custom":{"minecraft:jump":102,"minecraft:time_since_rest":722,"minecraft:deaths":2,"minecraft:damage_dealt":425,"minecraft:crouch_one_cm":123,"minecraft:play_one_minute":3991,"minecraft:damage_taken":845,"minecraft:walk_on_water_one_cm":945,"minecraft:sprint_one_cm":6266,"minecraft:time_since_death":694,"minecraft:walk_one_cm":11624,"minecraft:sneak_time":36,"minecraft:mob_kills":1,"minecraft:damage_dealt_absorbed":52,"minecraft:fall_one_cm":1939,"minecraft:fly_one_cm":16380},"minecraft:killed_by":{"minecraft:zombie":1,"minecraft:skeleton":1},"minecraft:mined":{"minecraft:grass":6}},"DataVersion":2586}